-- Seed data for Premium Ballroom
-- All IDs use proper UUID format

-- ============================================================
-- 1. PERMISSIONS (16 granulares)
-- ============================================================
INSERT INTO "permissions" ("id", "name", "description", "module") VALUES
  ('a0000000-0000-0000-0000-000000000001', 'CREATE_PRODUCT',    'Create new products',       'products'),
  ('a0000000-0000-0000-0000-000000000002', 'READ_PRODUCT',      'View products',             'products'),
  ('a0000000-0000-0000-0000-000000000003', 'UPDATE_PRODUCT',    'Update products',           'products'),
  ('a0000000-0000-0000-0000-000000000004', 'DELETE_PRODUCT',    'Delete products',           'products'),
  ('a0000000-0000-0000-0000-000000000005', 'CREATE_CATEGORY',   'Create categories',         'categories'),
  ('a0000000-0000-0000-0000-000000000006', 'READ_CATEGORY',     'View categories',           'categories'),
  ('a0000000-0000-0000-0000-000000000007', 'UPDATE_CATEGORY',   'Update categories',         'categories'),
  ('a0000000-0000-0000-0000-000000000008', 'DELETE_CATEGORY',   'Delete categories',         'categories'),
  ('a0000000-0000-0000-0000-000000000009', 'VIEW_ORDERS',       'View all orders',           'orders'),
  ('a0000000-0000-0000-0000-000000000010', 'UPDATE_ORDER_STATUS', 'Update order status',     'orders'),
  ('a0000000-0000-0000-0000-000000000011', 'MANAGE_EMPLOYEES',  'Manage employee accounts',  'users'),
  ('a0000000-0000-0000-0000-000000000012', 'MANAGE_ROLES',      'Manage roles and permissions', 'roles'),
  ('a0000000-0000-0000-0000-000000000013', 'VIEW_INVENTORY',    'View inventory levels',     'inventory'),
  ('a0000000-0000-0000-0000-000000000014', 'ADJUST_INVENTORY',  'Adjust stock levels',       'inventory'),
  ('a0000000-0000-0000-0000-000000000015', 'VIEW_AUDIT_LOGS',   'View audit logs',           'audit'),
  ('a0000000-0000-0000-0000-000000000016', 'MANAGE_SETTINGS',   'Manage system settings',    'settings'),
  ('a0000000-0000-0000-0000-000000000017', 'AUTH_LOGOUT',       'Logout from the system',    'auth');

-- ============================================================
-- 2. ROLES
-- ============================================================
INSERT INTO "roles" ("id", "name", "description") VALUES
  ('b0000000-0000-0000-0000-000000000001', 'ADMIN',    'Full system access'),
  ('b0000000-0000-0000-0000-000000000002', 'EMPLOYEE', 'Limited operational access'),
  ('b0000000-0000-0000-0000-000000000003', 'USER',     'Regular customer');

-- ============================================================
-- 3. ROLE PERMISSIONS
-- ============================================================
INSERT INTO "role_permissions" ("role_id", "permission_id")
SELECT 'b0000000-0000-0000-0000-000000000001', "id" FROM "permissions";

INSERT INTO "role_permissions" ("role_id", "permission_id")
SELECT 'b0000000-0000-0000-0000-000000000002', "id" FROM "permissions"
WHERE "name" IN (
  'CREATE_PRODUCT', 'READ_PRODUCT', 'UPDATE_PRODUCT',
  'CREATE_CATEGORY', 'READ_CATEGORY', 'UPDATE_CATEGORY',
  'VIEW_ORDERS', 'UPDATE_ORDER_STATUS',
  'VIEW_INVENTORY', 'ADJUST_INVENTORY', 'AUTH_LOGOUT'
);

-- USER role gets only AUTH_LOGOUT
INSERT INTO "role_permissions" ("role_id", "permission_id")
SELECT 'b0000000-0000-0000-0000-000000000003', "id" FROM "permissions"
WHERE "name" IN ('AUTH_LOGOUT');

-- ============================================================
-- 4. ADMIN USER (password: Admin123!)
-- ============================================================
INSERT INTO "users" ("id", "email", "password", "first_name", "last_name", "phone")
VALUES (
  'c0000000-0000-0000-0000-000000000001',
  'admin@ecommerce.com',
  '$2b$10$8K1p/a0dL1LXMIgoEDFrwOfMQkfAjkMBcGmX0XvGZmq3C5YqJ0G6e',
  'Admin',
  'Principal',
  '+5491123456789'
);

INSERT INTO "user_roles" ("user_id", "role_id")
VALUES ('c0000000-0000-0000-0000-000000000001', 'b0000000-0000-0000-0000-000000000001');

-- ============================================================
-- 5. CATEGORIES (ballroom dance tree)
-- ============================================================
INSERT INTO "categories" ("id", "name", "slug", "description", "parent_id") VALUES
  ('d0000000-0000-0000-0000-000000000010', 'Hombre', 'hombre', 'Baile de salón para caballeros — elegancia y precisión', NULL),
  ('d0000000-0000-0000-0000-000000000011', 'Mujer', 'mujer', 'Baile de salón para damas — gracia, estilo y potencia', NULL);

INSERT INTO "categories" ("id", "name", "slug", "description", "parent_id") VALUES
  ('d0000000-0000-0000-0000-000000000012', 'Standard', 'hombre-standard', 'Baile de salón Standard', 'd0000000-0000-0000-0000-000000000010'),
  ('d0000000-0000-0000-0000-000000000013', 'Latin', 'hombre-latin', 'Baile Latino para caballeros', 'd0000000-0000-0000-0000-000000000010'),
  ('d0000000-0000-0000-0000-000000000014', 'Standard', 'mujer-standard', 'Baile de salón Standard', 'd0000000-0000-0000-0000-000000000011'),
  ('d0000000-0000-0000-0000-000000000015', 'Latin', 'mujer-latin', 'Baile Latino para damas', 'd0000000-0000-0000-0000-000000000011');

INSERT INTO "categories" ("id", "name", "slug", "description", "parent_id") VALUES
  ('d0000000-0000-0000-0000-000000000016', 'Camisas', 'hombre-latin-camisas', 'Camisas de competición latina', 'd0000000-0000-0000-0000-000000000013'),
  ('d0000000-0000-0000-0000-000000000017', 'Pantalones', 'hombre-latin-pantalones', 'Pantalones de competición latina', 'd0000000-0000-0000-0000-000000000013'),
  ('d0000000-0000-0000-0000-000000000018', 'Vestidos de competencia', 'mujer-latin-vestidos-competencia', 'Vestidos de competición', 'd0000000-0000-0000-0000-000000000015'),
  ('d0000000-0000-0000-0000-000000000019', 'Ropa de práctica', 'mujer-latin-ropa-practica', 'Ropa de práctica y entrenamiento', 'd0000000-0000-0000-0000-000000000015'),
  ('d0000000-0000-0000-0000-000000000020', 'Tops / Bodys', 'mujer-latin-ropa-practica-tops', 'Tops y bodys de práctica', 'd0000000-0000-0000-0000-000000000019'),
  ('d0000000-0000-0000-0000-000000000021', 'Faldas / Polleras', 'mujer-latin-ropa-practica-faldas', 'Faldas y polleras de práctica', 'd0000000-0000-0000-0000-000000000019');

-- ============================================================
-- 6. ATTRIBUTES + VALUES
-- ============================================================
INSERT INTO "attributes" ("id", "name") VALUES
  ('e0000000-0000-0000-0000-000000000001', 'Color'),
  ('e0000000-0000-0000-0000-000000000002', 'Talle'),
  ('e0000000-0000-0000-0000-000000000004', 'Material');

INSERT INTO "attribute_values" ("id", "attribute_id", "value") VALUES
  ('f0000000-0000-0000-0000-000000000001', 'e0000000-0000-0000-0000-000000000001', 'Negro'),
  ('f0000000-0000-0000-0000-000000000002', 'e0000000-0000-0000-0000-000000000001', 'Blanco'),
  ('f0000000-0000-0000-0000-000000000003', 'e0000000-0000-0000-0000-000000000001', 'Borgoña'),
  ('f0000000-0000-0000-0000-000000000004', 'e0000000-0000-0000-0000-000000000001', 'Azul Noche'),
  ('f0000000-0000-0000-0000-000000000005', 'e0000000-0000-0000-0000-000000000002', 'S'),
  ('f0000000-0000-0000-0000-000000000006', 'e0000000-0000-0000-0000-000000000002', 'M'),
  ('f0000000-0000-0000-0000-000000000007', 'e0000000-0000-0000-0000-000000000002', 'L'),
  ('f0000000-0000-0000-0000-000000000008', 'e0000000-0000-0000-0000-000000000002', 'XL'),
  ('f0000000-0000-0000-0000-000000000013', 'e0000000-0000-0000-0000-000000000004', 'Algodón'),
  ('f0000000-0000-0000-0000-000000000014', 'e0000000-0000-0000-0000-000000000004', 'Poliéster'),
  ('f0000000-0000-0000-0000-000000000015', 'e0000000-0000-0000-0000-000000000004', 'Lycra');

-- ============================================================
-- 7. PRODUCTS
-- ============================================================
INSERT INTO "products" ("id", "name", "slug", "description", "base_price", "category_id") VALUES
  ('10000000-0000-0000-0000-000000000001', 'Camisa Latina Negra', 'camisa-latina-negra', 'Camisa de competición con stretch 4-way, cuello italiano y detalles en pedrería minimalista', 45000.00, 'd0000000-0000-0000-0000-000000000016'),
  ('10000000-0000-0000-0000-000000000002', 'Pantalón Latino Borgoña', 'pantalon-latino-borgona', 'Pantalón de lycra con vuelo lateral, cintura elastizada y corte moderno', 38000.00, 'd0000000-0000-0000-0000-000000000017'),
  ('10000000-0000-0000-0000-000000000003', 'Vestido Competencia Esmeralda', 'vestido-competencia-esmeralda', 'Vestido de competición con pedrería suiza, flecos de seda y espalda descubierta', 280000.00, 'd0000000-0000-0000-0000-000000000018'),
  ('10000000-0000-0000-0000-000000000004', 'Top Práctica Negro', 'top-practica-negro', 'Top de práctica con soporte incorporado, lycra transpirable y corte deportivo', 18000.00, 'd0000000-0000-0000-0000-000000000020'),
  ('10000000-0000-0000-0000-000000000005', 'Pollera Práctica Vuelo', 'pollera-practica-vuelo', 'Pollera de práctica con vuelo completo, cintura elastizada y largo competición', 22000.00, 'd0000000-0000-0000-0000-000000000021');

INSERT INTO "product_attributes" ("product_id", "attribute_id") VALUES
  ('10000000-0000-0000-0000-000000000001', 'e0000000-0000-0000-0000-000000000001'),
  ('10000000-0000-0000-0000-000000000001', 'e0000000-0000-0000-0000-000000000002'),
  ('10000000-0000-0000-0000-000000000002', 'e0000000-0000-0000-0000-000000000001'),
  ('10000000-0000-0000-0000-000000000002', 'e0000000-0000-0000-0000-000000000002'),
  ('10000000-0000-0000-0000-000000000003', 'e0000000-0000-0000-0000-000000000001'),
  ('10000000-0000-0000-0000-000000000003', 'e0000000-0000-0000-0000-000000000002'),
  ('10000000-0000-0000-0000-000000000004', 'e0000000-0000-0000-0000-000000000002'),
  ('10000000-0000-0000-0000-000000000005', 'e0000000-0000-0000-0000-000000000002');

INSERT INTO "product_variants" ("id", "product_id", "sku", "price", "stock") VALUES
  ('20000000-0000-0000-0000-000000000001', '10000000-0000-0000-0000-000000000001', 'CLN-NEG-S',  45000.00, 20),
  ('20000000-0000-0000-0000-000000000002', '10000000-0000-0000-0000-000000000001', 'CLN-NEG-M',  45000.00, 30),
  ('20000000-0000-0000-0000-000000000003', '10000000-0000-0000-0000-000000000001', 'CLN-NEG-L',  45000.00, 25),
  ('20000000-0000-0000-0000-000000000004', '10000000-0000-0000-0000-000000000001', 'CLN-NEG-XL', 48000.00, 15),
  ('20000000-0000-0000-0000-000000000005', '10000000-0000-0000-0000-000000000002', 'PLB-BOR-S',  38000.00, 15),
  ('20000000-0000-0000-0000-000000000006', '10000000-0000-0000-0000-000000000002', 'PLB-BOR-M',  38000.00, 25),
  ('20000000-0000-0000-0000-000000000007', '10000000-0000-0000-0000-000000000002', 'PLB-BOR-L',  38000.00, 20),
  ('20000000-0000-0000-0000-000000000008', '10000000-0000-0000-0000-000000000003', 'VCE-UNI-S',  280000.00, 3),
  ('20000000-0000-0000-0000-000000000009', '10000000-0000-0000-0000-000000000003', 'VCE-UNI-M',  280000.00, 5),
  ('20000000-0000-0000-0000-000000000010', '10000000-0000-0000-0000-000000000003', 'VCE-UNI-L',  280000.00, 4),
  ('20000000-0000-0000-0000-000000000011', '10000000-0000-0000-0000-000000000004', 'TPN-S',      18000.00, 40),
  ('20000000-0000-0000-0000-000000000012', '10000000-0000-0000-0000-000000000004', 'TPN-M',      18000.00, 50),
  ('20000000-0000-0000-0000-000000000013', '10000000-0000-0000-0000-000000000004', 'TPN-L',      18000.00, 45),
  ('20000000-0000-0000-0000-000000000014', '10000000-0000-0000-0000-000000000005', 'PPV-S',      22000.00, 35),
  ('20000000-0000-0000-0000-000000000015', '10000000-0000-0000-0000-000000000005', 'PPV-M',      22000.00, 40),
  ('20000000-0000-0000-0000-000000000016', '10000000-0000-0000-0000-000000000005', 'PPV-L',      22000.00, 30);

INSERT INTO "variant_attribute_values" ("variant_id", "attribute_value_id") VALUES
  ('20000000-0000-0000-0000-000000000001', 'f0000000-0000-0000-0000-000000000001'),
  ('20000000-0000-0000-0000-000000000001', 'f0000000-0000-0000-0000-000000000005'),
  ('20000000-0000-0000-0000-000000000002', 'f0000000-0000-0000-0000-000000000001'),
  ('20000000-0000-0000-0000-000000000002', 'f0000000-0000-0000-0000-000000000006'),
  ('20000000-0000-0000-0000-000000000003', 'f0000000-0000-0000-0000-000000000001'),
  ('20000000-0000-0000-0000-000000000003', 'f0000000-0000-0000-0000-000000000007'),
  ('20000000-0000-0000-0000-000000000004', 'f0000000-0000-0000-0000-000000000001'),
  ('20000000-0000-0000-0000-000000000004', 'f0000000-0000-0000-0000-000000000008'),
  ('20000000-0000-0000-0000-000000000005', 'f0000000-0000-0000-0000-000000000003'),
  ('20000000-0000-0000-0000-000000000005', 'f0000000-0000-0000-0000-000000000005'),
  ('20000000-0000-0000-0000-000000000006', 'f0000000-0000-0000-0000-000000000003'),
  ('20000000-0000-0000-0000-000000000006', 'f0000000-0000-0000-0000-000000000006'),
  ('20000000-0000-0000-0000-000000000007', 'f0000000-0000-0000-0000-000000000003'),
  ('20000000-0000-0000-0000-000000000007', 'f0000000-0000-0000-0000-000000000007'),
  ('20000000-0000-0000-0000-000000000008', 'f0000000-0000-0000-0000-000000000004'),
  ('20000000-0000-0000-0000-000000000008', 'f0000000-0000-0000-0000-000000000005'),
  ('20000000-0000-0000-0000-000000000009', 'f0000000-0000-0000-0000-000000000004'),
  ('20000000-0000-0000-0000-000000000009', 'f0000000-0000-0000-0000-000000000006'),
  ('20000000-0000-0000-0000-000000000010', 'f0000000-0000-0000-0000-000000000004'),
  ('20000000-0000-0000-0000-000000000010', 'f0000000-0000-0000-0000-000000000007'),
  ('20000000-0000-0000-0000-000000000011', 'f0000000-0000-0000-0000-000000000005'),
  ('20000000-0000-0000-0000-000000000012', 'f0000000-0000-0000-0000-000000000006'),
  ('20000000-0000-0000-0000-000000000013', 'f0000000-0000-0000-0000-000000000007'),
  ('20000000-0000-0000-0000-000000000014', 'f0000000-0000-0000-0000-000000000005'),
  ('20000000-0000-0000-0000-000000000015', 'f0000000-0000-0000-0000-000000000006'),
  ('20000000-0000-0000-0000-000000000016', 'f0000000-0000-0000-0000-000000000007');
