-- Seed data for ecommerce AWS
-- All IDs use proper UUID format

-- ============================================================
-- 1. PERMISSIONS (16 granulares)
-- ============================================================
INSERT INTO "permissions" ("id", "name", "description", "module") VALUES
  ('a0000000-0000-0000-0000-000000000001', 'CREATE_PRODUCT',    'Create new products',       'products'),
  ('a0000000-0000-0000-0000-000000000002', 'READ_PRODUCT',      'View products',             'products'),
  ('a0000000-0000-0000-0000-000000000003', 'UPDATE_PRODUCT',    'Update products',           'products'),
  ('a0000000-0000-0000-0000-000000000004', 'DELETE_PRODUCT',    'Delete products',           'products'),
  ('a0000000-0000-0000-0000-000000000005', 'CREATE_CATEGORY',   'Create categories',         'categories'),
  ('a0000000-0000-0000-0000-000000000006', 'READ_CATEGORY',     'View categories',           'categories'),
  ('a0000000-0000-0000-0000-000000000007', 'UPDATE_CATEGORY',   'Update categories',         'categories'),
  ('a0000000-0000-0000-0000-000000000008', 'DELETE_CATEGORY',   'Delete categories',         'categories'),
  ('a0000000-0000-0000-0000-000000000009', 'VIEW_ORDERS',       'View all orders',           'orders'),
  ('a0000000-0000-0000-0000-000000000010', 'UPDATE_ORDER_STATUS', 'Update order status',     'orders'),
  ('a0000000-0000-0000-0000-000000000011', 'MANAGE_EMPLOYEES',  'Manage employee accounts',  'users'),
  ('a0000000-0000-0000-0000-000000000012', 'MANAGE_ROLES',      'Manage roles and permissions', 'roles'),
  ('a0000000-0000-0000-0000-000000000013', 'VIEW_INVENTORY',    'View inventory levels',     'inventory'),
  ('a0000000-0000-0000-0000-000000000014', 'ADJUST_INVENTORY',  'Adjust stock levels',       'inventory'),
  ('a0000000-0000-0000-0000-000000000015', 'VIEW_AUDIT_LOGS',   'View audit logs',           'audit'),
  ('a0000000-0000-0000-0000-000000000016', 'MANAGE_SETTINGS',   'Manage system settings',    'settings');

-- ============================================================
-- 2. ROLES
-- ============================================================
INSERT INTO "roles" ("id", "name", "description") VALUES
  ('b0000000-0000-0000-0000-000000000001', 'ADMIN',    'Full system access'),
  ('b0000000-0000-0000-0000-000000000002', 'EMPLOYEE', 'Limited operational access'),
  ('b0000000-0000-0000-0000-000000000003', 'USER',     'Regular customer');

-- ============================================================
-- 3. ROLE PERMISSIONS
-- ============================================================
-- ADMIN gets all permissions
INSERT INTO "role_permissions" ("role_id", "permission_id")
SELECT 'b0000000-0000-0000-0000-000000000001', "id" FROM "permissions";

-- EMPLOYEE gets product + order + inventory
INSERT INTO "role_permissions" ("role_id", "permission_id")
SELECT 'b0000000-0000-0000-0000-000000000002', "id" FROM "permissions"
WHERE "name" IN (
  'CREATE_PRODUCT', 'READ_PRODUCT', 'UPDATE_PRODUCT',
  'CREATE_CATEGORY', 'READ_CATEGORY', 'UPDATE_CATEGORY',
  'VIEW_ORDERS', 'UPDATE_ORDER_STATUS',
  'VIEW_INVENTORY', 'ADJUST_INVENTORY'
);

-- ============================================================
-- 4. ADMIN USER (password: Admin123!)
-- ============================================================
INSERT INTO "users" ("id", "email", "password", "first_name", "last_name", "phone")
VALUES (
  'c0000000-0000-0000-0000-000000000001',
  'admin@ecommerce.com',
  '$2b$10$8K1p/a0dL1LXMIgoEDFrwOfMQkfAjkMBcGmX0XvGZmq3C5YqJ0G6e',
  'Admin',
  'Principal',
  '+5491123456789'
);

INSERT INTO "user_roles" ("user_id", "role_id")
VALUES ('c0000000-0000-0000-0000-000000000001', 'b0000000-0000-0000-0000-000000000001');

-- ============================================================
-- 5. CATEGORIES (tree structure)
-- ============================================================
INSERT INTO "categories" ("id", "name", "slug", "description", "parent_id") VALUES
  ('d0000000-0000-0000-0000-000000000001', 'Ropa',       'ropa',            'Indumentaria en general', NULL),
  ('d0000000-0000-0000-0000-000000000002', 'Electrónica','electronica',     'Dispositivos electrónicos y accesorios', NULL),
  ('d0000000-0000-0000-0000-000000000003', 'Hogar',      'hogar',           'Artículos para el hogar', NULL);

INSERT INTO "categories" ("id", "name", "slug", "description", "parent_id") VALUES
  ('d0000000-0000-0000-0000-000000000004', 'Hombre',     'ropa-hombre',     'Ropa de hombre',    'd0000000-0000-0000-0000-000000000001'),
  ('d0000000-0000-0000-0000-000000000005', 'Mujer',      'ropa-mujer',      'Ropa de mujer',     'd0000000-0000-0000-0000-000000000001'),
  ('d0000000-0000-0000-0000-000000000006', 'Celulares',  'electronica-celulares', 'Teléfonos móviles', 'd0000000-0000-0000-0000-000000000002'),
  ('d0000000-0000-0000-0000-000000000007', 'Notebooks',  'electronica-notebooks', 'Computadoras portátiles', 'd0000000-0000-0000-0000-000000000002'),
  ('d0000000-0000-0000-0000-000000000008', 'Cocina',     'hogar-cocina',    'Utensilios y electrodomésticos de cocina', 'd0000000-0000-0000-0000-000000000003'),
  ('d0000000-0000-0000-0000-000000000009', 'Decoración', 'hogar-decoracion', 'Artículos decorativos', 'd0000000-0000-0000-0000-000000000003');

-- ============================================================
-- 6. ATTRIBUTES + VALUES (EAV system)
-- ============================================================
INSERT INTO "attributes" ("id", "name") VALUES
  ('e0000000-0000-0000-0000-000000000001', 'Color'),
  ('e0000000-0000-0000-0000-000000000002', 'Talle'),
  ('e0000000-0000-0000-0000-000000000003', 'Tamaño'),
  ('e0000000-0000-0000-0000-000000000004', 'Material');

INSERT INTO "attribute_values" ("id", "attribute_id", "value") VALUES
  ('f0000000-0000-0000-0000-000000000001', 'e0000000-0000-0000-0000-000000000001', 'Negro'),
  ('f0000000-0000-0000-0000-000000000002', 'e0000000-0000-0000-0000-000000000001', 'Blanco'),
  ('f0000000-0000-0000-0000-000000000003', 'e0000000-0000-0000-0000-000000000001', 'Rojo'),
  ('f0000000-0000-0000-0000-000000000004', 'e0000000-0000-0000-0000-000000000001', 'Azul'),
  ('f0000000-0000-0000-0000-000000000005', 'e0000000-0000-0000-0000-000000000002', 'S'),
  ('f0000000-0000-0000-0000-000000000006', 'e0000000-0000-0000-0000-000000000002', 'M'),
  ('f0000000-0000-0000-0000-000000000007', 'e0000000-0000-0000-0000-000000000002', 'L'),
  ('f0000000-0000-0000-0000-000000000008', 'e0000000-0000-0000-0000-000000000002', 'XL'),
  ('f0000000-0000-0000-0000-000000000009', 'e0000000-0000-0000-0000-000000000003', '32GB'),
  ('f0000000-0000-0000-0000-000000000010', 'e0000000-0000-0000-0000-000000000003', '64GB'),
  ('f0000000-0000-0000-0000-000000000011', 'e0000000-0000-0000-0000-000000000003', '128GB'),
  ('f0000000-0000-0000-0000-000000000012', 'e0000000-0000-0000-0000-000000000003', '256GB'),
  ('f0000000-0000-0000-0000-000000000013', 'e0000000-0000-0000-0000-000000000004', 'Algodón'),
  ('f0000000-0000-0000-0000-000000000014', 'e0000000-0000-0000-0000-000000000004', 'Poliéster'),
  ('f0000000-0000-0000-0000-000000000015', 'e0000000-0000-0000-0000-000000000004', 'Cuero');

-- ============================================================
-- 7. PRODUCTS
-- ============================================================
INSERT INTO "products" ("id", "name", "slug", "description", "base_price", "category_id") VALUES
  ('10000000-0000-0000-0000-000000000001', 'Remera Premium',     'remera-premium',     'Remera de algodón premium con corte moderno',                                    14999.00,  'd0000000-0000-0000-0000-000000000004'),
  ('10000000-0000-0000-0000-000000000002', 'Jean Clásico',       'jean-clasico',       'Jean de corte recto en denim de alta calidad',                                    29999.00,  'd0000000-0000-0000-0000-000000000004'),
  ('10000000-0000-0000-0000-000000000003', 'Campera de Cuero',   'campera-cuero',       'Campera de cuero genuino con forro interior',                                     89999.00,  'd0000000-0000-0000-0000-000000000004'),
  ('10000000-0000-0000-0000-000000000004', 'Smartphone Pro X',   'smartphone-pro-x',    'Smartphone de última generación con cámara de 108MP',                             299999.00, 'd0000000-0000-0000-0000-000000000006'),
  ('10000000-0000-0000-0000-000000000005', 'Notebook Ultra 15',  'notebook-ultra-15',   'Notebook liviana con procesador de última generación',                            549999.00, 'd0000000-0000-0000-0000-000000000007'),
  ('10000000-0000-0000-0000-000000000006', 'Set de Sartenes',    'set-sartenes',        'Set de 3 sartenes antiadherentes con tapa de vidrio',                             34999.00,  'd0000000-0000-0000-0000-000000000008');

-- Product-Attribute assignments
INSERT INTO "product_attributes" ("product_id", "attribute_id") VALUES
  ('10000000-0000-0000-0000-000000000001', 'e0000000-0000-0000-0000-000000000001'), -- Remera: Color
  ('10000000-0000-0000-0000-000000000001', 'e0000000-0000-0000-0000-000000000002'), -- Remera: Talle
  ('10000000-0000-0000-0000-000000000002', 'e0000000-0000-0000-0000-000000000001'), -- Jean: Color
  ('10000000-0000-0000-0000-000000000002', 'e0000000-0000-0000-0000-000000000002'), -- Jean: Talle
  ('10000000-0000-0000-0000-000000000003', 'e0000000-0000-0000-0000-000000000002'), -- Campera: Talle
  ('10000000-0000-0000-0000-000000000004', 'e0000000-0000-0000-0000-000000000001'), -- Smartphone: Color
  ('10000000-0000-0000-0000-000000000004', 'e0000000-0000-0000-0000-000000000003'), -- Smartphone: Tamaño
  ('10000000-0000-0000-0000-000000000005', 'e0000000-0000-0000-0000-000000000003'), -- Notebook: Tamaño
  ('10000000-0000-0000-0000-000000000006', 'e0000000-0000-0000-0000-000000000003'); -- Sartenes: Tamaño

-- ============================================================
-- 8. PRODUCT VARIANTS
-- ============================================================
INSERT INTO "product_variants" ("id", "product_id", "sku", "price", "stock") VALUES
  ('20000000-0000-0000-0000-000000000001', '10000000-0000-0000-0000-000000000001', 'REM-NEG-S',   14999.00,  50),
  ('20000000-0000-0000-0000-000000000002', '10000000-0000-0000-0000-000000000001', 'REM-NEG-M',   14999.00,  75),
  ('20000000-0000-0000-0000-000000000003', '10000000-0000-0000-0000-000000000001', 'REM-NEG-L',   14999.00,  60),
  ('20000000-0000-0000-0000-000000000004', '10000000-0000-0000-0000-000000000001', 'REM-NEG-XL',  15999.00,  40),
  ('20000000-0000-0000-0000-000000000005', '10000000-0000-0000-0000-000000000001', 'REM-BCO-S',   14999.00,  45),
  ('20000000-0000-0000-0000-000000000006', '10000000-0000-0000-0000-000000000001', 'REM-BCO-M',   14999.00,  70),
  ('20000000-0000-0000-0000-000000000007', '10000000-0000-0000-0000-000000000001', 'REM-BCO-L',   14999.00,  55);

INSERT INTO "product_variants" ("id", "product_id", "sku", "price", "stock") VALUES
  ('20000000-0000-0000-0000-000000000008', '10000000-0000-0000-0000-000000000002', 'JEA-AZU-S',   29999.00,  30),
  ('20000000-0000-0000-0000-000000000009', '10000000-0000-0000-0000-000000000002', 'JEA-AZU-M',   29999.00,  45),
  ('20000000-0000-0000-0000-000000000010', '10000000-0000-0000-0000-000000000002', 'JEA-AZU-L',   29999.00,  40),
  ('20000000-0000-0000-0000-000000000011', '10000000-0000-0000-0000-000000000002', 'JEA-AZU-XL',  31999.00,  25),
  ('20000000-0000-0000-0000-000000000012', '10000000-0000-0000-0000-000000000002', 'JEA-NEG-S',   29999.00,  35),
  ('20000000-0000-0000-0000-000000000013', '10000000-0000-0000-0000-000000000002', 'JEA-NEG-M',   29999.00,  50),
  ('20000000-0000-0000-0000-000000000014', '10000000-0000-0000-0000-000000000002', 'JEA-NEG-L',   29999.00,  35);

INSERT INTO "product_variants" ("id", "product_id", "sku", "price", "stock") VALUES
  ('20000000-0000-0000-0000-000000000015', '10000000-0000-0000-0000-000000000003', 'CAM-S',       84999.00,  15),
  ('20000000-0000-0000-0000-000000000016', '10000000-0000-0000-0000-000000000003', 'CAM-M',       89999.00,  20),
  ('20000000-0000-0000-0000-000000000017', '10000000-0000-0000-0000-000000000003', 'CAM-L',       89999.00,  18),
  ('20000000-0000-0000-0000-000000000018', '10000000-0000-0000-0000-000000000003', 'CAM-XL',      94999.00,  10);

INSERT INTO "product_variants" ("id", "product_id", "sku", "price", "stock") VALUES
  ('20000000-0000-0000-0000-000000000019', '10000000-0000-0000-0000-000000000004', 'SPX-NEG-128', 299999.00, 25),
  ('20000000-0000-0000-0000-000000000020', '10000000-0000-0000-0000-000000000004', 'SPX-NEG-256', 329999.00, 20),
  ('20000000-0000-0000-0000-000000000021', '10000000-0000-0000-0000-000000000004', 'SPX-BCO-128', 299999.00, 15),
  ('20000000-0000-0000-0000-000000000022', '10000000-0000-0000-0000-000000000004', 'SPX-BCO-256', 329999.00, 10);

INSERT INTO "product_variants" ("id", "product_id", "sku", "price", "stock") VALUES
  ('20000000-0000-0000-0000-000000000023', '10000000-0000-0000-0000-000000000005', 'NB15-256',    549999.00, 10),
  ('20000000-0000-0000-0000-000000000024', '10000000-0000-0000-0000-000000000005', 'NB15-512',    599999.00,  8);

INSERT INTO "product_variants" ("id", "product_id", "sku", "price", "stock") VALUES
  ('20000000-0000-0000-0000-000000000025', '10000000-0000-0000-0000-000000000006', 'SAR-SET-01',  34999.00,  30);

-- ============================================================
-- 9. VARIANT-ATTRIBUTE-VALUE MAPPINGS
-- ============================================================
-- Remera variants
INSERT INTO "variant_attribute_values" ("variant_id", "attribute_value_id") VALUES
  ('20000000-0000-0000-0000-000000000001', 'f0000000-0000-0000-0000-000000000001'), -- Negro
  ('20000000-0000-0000-0000-000000000001', 'f0000000-0000-0000-0000-000000000005'), -- S
  ('20000000-0000-0000-0000-000000000002', 'f0000000-0000-0000-0000-000000000001'), -- Negro
  ('20000000-0000-0000-0000-000000000002', 'f0000000-0000-0000-0000-000000000006'), -- M
  ('20000000-0000-0000-0000-000000000003', 'f0000000-0000-0000-0000-000000000001'), -- Negro
  ('20000000-0000-0000-0000-000000000003', 'f0000000-0000-0000-0000-000000000007'), -- L
  ('20000000-0000-0000-0000-000000000004', 'f0000000-0000-0000-0000-000000000001'), -- Negro
  ('20000000-0000-0000-0000-000000000004', 'f0000000-0000-0000-0000-000000000008'), -- XL
  ('20000000-0000-0000-0000-000000000005', 'f0000000-0000-0000-0000-000000000002'), -- Blanco
  ('20000000-0000-0000-0000-000000000005', 'f0000000-0000-0000-0000-000000000005'), -- S
  ('20000000-0000-0000-0000-000000000006', 'f0000000-0000-0000-0000-000000000002'), -- Blanco
  ('20000000-0000-0000-0000-000000000006', 'f0000000-0000-0000-0000-000000000006'), -- M
  ('20000000-0000-0000-0000-000000000007', 'f0000000-0000-0000-0000-000000000002'), -- Blanco
  ('20000000-0000-0000-0000-000000000007', 'f0000000-0000-0000-0000-000000000007'); -- L

-- Jean variants
INSERT INTO "variant_attribute_values" ("variant_id", "attribute_value_id") VALUES
  ('20000000-0000-0000-0000-000000000008', 'f0000000-0000-0000-0000-000000000004'), -- Azul
  ('20000000-0000-0000-0000-000000000008', 'f0000000-0000-0000-0000-000000000005'), -- S
  ('20000000-0000-0000-0000-000000000009', 'f0000000-0000-0000-0000-000000000004'), -- Azul
  ('20000000-0000-0000-0000-000000000009', 'f0000000-0000-0000-0000-000000000006'), -- M
  ('20000000-0000-0000-0000-000000000010', 'f0000000-0000-0000-0000-000000000004'), -- Azul
  ('20000000-0000-0000-0000-000000000010', 'f0000000-0000-0000-0000-000000000007'), -- L
  ('20000000-0000-0000-0000-000000000011', 'f0000000-0000-0000-0000-000000000004'), -- Azul
  ('20000000-0000-0000-0000-000000000011', 'f0000000-0000-0000-0000-000000000008'), -- XL
  ('20000000-0000-0000-0000-000000000012', 'f0000000-0000-0000-0000-000000000001'), -- Negro
  ('20000000-0000-0000-0000-000000000012', 'f0000000-0000-0000-0000-000000000005'), -- S
  ('20000000-0000-0000-0000-000000000013', 'f0000000-0000-0000-0000-000000000001'), -- Negro
  ('20000000-0000-0000-0000-000000000013', 'f0000000-0000-0000-0000-000000000006'), -- M
  ('20000000-0000-0000-0000-000000000014', 'f0000000-0000-0000-0000-000000000001'), -- Negro
  ('20000000-0000-0000-0000-000000000014', 'f0000000-0000-0000-0000-000000000007'); -- L

-- Campera variants (just talle)
INSERT INTO "variant_attribute_values" ("variant_id", "attribute_value_id") VALUES
  ('20000000-0000-0000-0000-000000000015', 'f0000000-0000-0000-0000-000000000005'), -- S
  ('20000000-0000-0000-0000-000000000016', 'f0000000-0000-0000-0000-000000000006'), -- M
  ('20000000-0000-0000-0000-000000000017', 'f0000000-0000-0000-0000-000000000007'), -- L
  ('20000000-0000-0000-0000-000000000018', 'f0000000-0000-0000-0000-000000000008'); -- XL

-- Smartphone variants
INSERT INTO "variant_attribute_values" ("variant_id", "attribute_value_id") VALUES
  ('20000000-0000-0000-0000-000000000019', 'f0000000-0000-0000-0000-000000000001'), -- Negro
  ('20000000-0000-0000-0000-000000000019', 'f0000000-0000-0000-0000-000000000011'), -- 128GB
  ('20000000-0000-0000-0000-000000000020', 'f0000000-0000-0000-0000-000000000001'), -- Negro
  ('20000000-0000-0000-0000-000000000020', 'f0000000-0000-0000-0000-000000000012'), -- 256GB
  ('20000000-0000-0000-0000-000000000021', 'f0000000-0000-0000-0000-000000000002'), -- Blanco
  ('20000000-0000-0000-0000-000000000021', 'f0000000-0000-0000-0000-000000000011'), -- 128GB
  ('20000000-0000-0000-0000-000000000022', 'f0000000-0000-0000-0000-000000000002'), -- Blanco
  ('20000000-0000-0000-0000-000000000022', 'f0000000-0000-0000-0000-000000000012'); -- 256GB

-- Notebook variants
INSERT INTO "variant_attribute_values" ("variant_id", "attribute_value_id") VALUES
  ('20000000-0000-0000-0000-000000000023', 'f0000000-0000-0000-0000-000000000011'), -- 128GB
  ('20000000-0000-0000-0000-000000000024', 'f0000000-0000-0000-0000-000000000012'); -- 256GB
